{
  "aggregates": {
    "hit_rate": 0.8857142857142857,
    "mrr": 0.6857142857142857,
    "ndcg": 0.5691120138332584,
    "precision": 0.34285714285714286,
    "recall": 0.6095238095238098,
    "ap": 0.4744444444444445,
    "evaluated_pairs": 35
  }
}