{
  "aggregates": {
    "context_precision": 0.7898412697887592,
    "context_recall": 0.8571428571428571,
    "faithfulness": 0.6896551724137931,
    "answer_relevancy": 0.6487525957416372
  }
}