{
  "aggregates": {
    "hit_rate": 0.8285714285714286,
    "mrr": 0.630952380952381,
    "ndcg": 0.5553186370394337,
    "precision": 0.36571428571428566,
    "recall": 0.6095238095238095,
    "ap": 0.4717460317460317,
    "evaluated_pairs": 35
  }
}